{"cameraMode":{"drawMode":0,"name":"Shaded","section":"Shading Mode"},"sceneLighting":false,"audioPlay":false,"sceneViewState":{"showFog":true,"showMaterialUpdate":true,"showSkybox":false,"showFlares":true,"showImageEffects":true,"showParticleSystems":true},"in2DMode":false,"pivot":{"x":1.9579633474349976,"y":-4.378705024719238,"z":-0.2865068018436432},"rotation":{"x":0.017850849777460099,"y":-0.9823063611984253,"z":0.13346803188323975,"w":0.1310020089149475},"size":12.86788272857666,"orthographic":false}