{"cameraMode":{"drawMode":0,"name":"Shaded","section":"Shading Mode"},"sceneLighting":false,"audioPlay":false,"sceneViewState":{"showFog":true,"showMaterialUpdate":true,"showSkybox":false,"showFlares":true,"showImageEffects":true,"showParticleSystems":true},"in2DMode":false,"pivot":{"x":45.04658889770508,"y":-6.483574867248535,"z":1.392102599143982},"rotation":{"x":-0.04862134903669357,"y":-0.6753997802734375,"z":0.04464906081557274,"w":-0.734668493270874},"size":51.54618835449219,"orthographic":false}