{"cameraMode":{"drawMode":0,"name":"Shaded","section":"Shading Mode"},"sceneLighting":false,"audioPlay":false,"sceneViewState":{"showFog":true,"showMaterialUpdate":true,"showSkybox":false,"showFlares":true,"showImageEffects":true,"showParticleSystems":true},"in2DMode":false,"pivot":{"x":0.0,"y":0.07062476873397827,"z":-1.4901161193847657e-8},"rotation":{"x":-0.14561665058135987,"y":-0.6910458207130432,"z":0.14514699578285218,"w":-0.6931355595588684},"size":3.2068862915039064,"orthographic":false}