{"cameraMode":{"drawMode":0,"name":"Shaded","section":"Shading Mode"},"sceneLighting":true,"audioPlay":false,"sceneViewState":{"showFog":true,"showMaterialUpdate":true,"showSkybox":true,"showFlares":true,"showImageEffects":true,"showParticleSystems":true},"in2DMode":false,"pivot":{"x":-192.78256225585938,"y":-416.4066467285156,"z":-21.94195556640625},"rotation":{"x":0.2525750696659088,"y":-0.7439433932304382,"z":0.39620569348335268,"w":0.4755074381828308},"size":453.7190246582031,"orthographic":false}