{"cameraMode":{"drawMode":0,"name":"Shaded","section":"Shading Mode"},"sceneLighting":false,"audioPlay":false,"sceneViewState":{"showFog":true,"showMaterialUpdate":true,"showSkybox":false,"showFlares":true,"showImageEffects":true,"showParticleSystems":true},"in2DMode":false,"pivot":{"x":8.177334785461426,"y":-0.8359835147857666,"z":0.8037161231040955},"rotation":{"x":-0.14193889498710633,"y":-0.6503945589065552,"z":0.1254376322031021,"w":-0.7357654571533203},"size":16.111433029174806,"orthographic":false}