{"cameraMode":{"drawMode":0,"name":"Shaded","section":"Shading Mode"},"sceneLighting":false,"audioPlay":false,"sceneViewState":{"showFog":true,"showMaterialUpdate":true,"showSkybox":false,"showFlares":true,"showImageEffects":true,"showParticleSystems":true},"in2DMode":false,"pivot":{"x":1.044053077697754,"y":-2.591343641281128,"z":-1.5598869323730469},"rotation":{"x":0.0007083970122039318,"y":-0.9813783764839172,"z":0.1923569142818451,"w":0.0038434676826000215},"size":6.704938888549805,"orthographic":false}