{"cameraMode":{"drawMode":0,"name":"Shaded","section":"Shading Mode"},"sceneLighting":false,"audioPlay":false,"sceneViewState":{"showFog":true,"showMaterialUpdate":true,"showSkybox":false,"showFlares":true,"showImageEffects":true,"showParticleSystems":true},"in2DMode":false,"pivot":{"x":0.0,"y":1.043081283569336e-7,"z":0.6206868886947632},"rotation":{"x":0.0007083970122039318,"y":-0.9813783764839172,"z":0.1923569142818451,"w":0.0038434676826000215},"size":6.003816604614258,"orthographic":false}