{"cameraMode":{"drawMode":0,"name":"Shaded","section":"Shading Mode"},"sceneLighting":false,"audioPlay":false,"sceneViewState":{"showFog":true,"showMaterialUpdate":true,"showSkybox":false,"showFlares":true,"showImageEffects":true,"showParticleSystems":true},"in2DMode":false,"pivot":{"x":-1.4858042001724244,"y":0.20252971351146699,"z":-0.5242983102798462},"rotation":{"x":-0.024226389825344087,"y":-0.973431408405304,"z":0.1923101544380188,"w":-0.12239929288625717},"size":4.45999813079834,"orthographic":false}