{"cameraMode":{"drawMode":0,"name":"Shaded","section":"Shading Mode"},"sceneLighting":false,"audioPlay":false,"sceneViewState":{"showFog":true,"showMaterialUpdate":true,"showSkybox":false,"showFlares":true,"showImageEffects":true,"showParticleSystems":true},"in2DMode":false,"pivot":{"x":-5.4190592765808109,"y":-3.811122417449951,"z":8.319236755371094},"rotation":{"x":0.18520373106002809,"y":-0.45015713572502139,"z":0.09585067629814148,"w":0.8684056997299194},"size":24.664024353027345,"orthographic":false}