{"cameraMode":{"drawMode":0,"name":"Shaded","section":"Shading Mode"},"sceneLighting":false,"audioPlay":false,"sceneViewState":{"showFog":true,"showMaterialUpdate":true,"showSkybox":false,"showFlares":true,"showImageEffects":true,"showParticleSystems":true},"in2DMode":false,"pivot":{"x":10.856735229492188,"y":-2.568164587020874,"z":-4.143791198730469},"rotation":{"x":-0.13572169840335847,"y":-0.6851347088813782,"z":0.13212502002716065,"w":-0.7034451961517334},"size":17.067594528198243,"orthographic":false}