{"cameraMode":{"drawMode":0,"name":"Shaded","section":"Shading Mode"},"sceneLighting":false,"audioPlay":false,"sceneViewState":{"showFog":true,"showMaterialUpdate":true,"showSkybox":false,"showFlares":true,"showImageEffects":true,"showParticleSystems":true},"in2DMode":false,"pivot":{"x":10.773999214172364,"y":-0.9718278050422669,"z":4.594937324523926},"rotation":{"x":0.11086389422416687,"y":0.6988498568534851,"z":-0.1110582947731018,"w":0.6980441808700562},"size":43.842796325683597,"orthographic":false}