{"cameraMode":{"drawMode":0,"name":"Shaded","section":"Shading Mode"},"sceneLighting":false,"audioPlay":false,"sceneViewState":{"showFog":true,"showMaterialUpdate":true,"showSkybox":false,"showFlares":true,"showImageEffects":true,"showParticleSystems":true},"in2DMode":false,"pivot":{"x":3.4798314571380617,"y":-0.4491635859012604,"z":-1.5053972005844117},"rotation":{"x":-0.05457976832985878,"y":-0.9377208948135376,"z":0.1721320003271103,"w":-0.29718437790870669},"size":6.877970218658447,"orthographic":false}